<?xml version="1.0" encoding="UTF-8"?>
<export version="D">
  <design>
    <source>D:\kicad\pcb\msiSDR_breakout\msisdr.sch</source>
    <date>17-May-20 11:07:09</date>
    <tool>Eeschema (5.1.5)-3</tool>
    <sheet number="1" name="/" tstamps="/">
      <title_block>
        <title/>
        <company/>
        <rev/>
        <date/>
        <source>msisdr.sch</source>
        <comment number="1" value=""/>
        <comment number="2" value=""/>
        <comment number="3" value=""/>
        <comment number="4" value=""/>
      </title_block>
    </sheet>
    <sheet number="2" name="/breakout interface/" tstamps="/5C68CE35/">
      <title_block>
        <title/>
        <company/>
        <rev/>
        <date/>
        <source>breakout.sch</source>
        <comment number="1" value=""/>
        <comment number="2" value=""/>
        <comment number="3" value=""/>
        <comment number="4" value=""/>
      </title_block>
    </sheet>
    <sheet number="3" name="/msi001/" tstamps="/5C68CE4D/">
      <title_block>
        <title/>
        <company/>
        <rev/>
        <date/>
        <source>msi001.sch</source>
        <comment number="1" value=""/>
        <comment number="2" value=""/>
        <comment number="3" value=""/>
        <comment number="4" value=""/>
      </title_block>
    </sheet>
    <sheet number="4" name="/rf_parts/" tstamps="/5C68CE5E/">
      <title_block>
        <title/>
        <company/>
        <rev/>
        <date/>
        <source>rf_parts.sch</source>
        <comment number="1" value=""/>
        <comment number="2" value=""/>
        <comment number="3" value=""/>
        <comment number="4" value=""/>
      </title_block>
    </sheet>
    <sheet number="5" name="/power&amp;interface/" tstamps="/5C68CE79/">
      <title_block>
        <title/>
        <company/>
        <rev/>
        <date/>
        <source>misc.sch</source>
        <comment number="1" value=""/>
        <comment number="2" value=""/>
        <comment number="3" value=""/>
        <comment number="4" value=""/>
      </title_block>
    </sheet>
  </design>
  <components>
    <comp ref="Y1">
      <value>24MHZ</value>
      <footprint>Crystals:Crystal_SMD_7050-4pin_7.0x5.0mm</footprint>
      <libsource lib="msisdr-rescue" part="Crystal_GND24" description=""/>
      <sheetpath names="/breakout interface/" tstamps="/5C68CE35/"/>
      <tstamp>5CA9F9E8</tstamp>
    </comp>
    <comp ref="D1">
      <value>LED</value>
      <footprint>Diodes_THT:D_DO-35_SOD27_P2.54mm_Vertical_AnodeUp</footprint>
      <libsource lib="msisdr-rescue" part="LED" description=""/>
      <sheetpath names="/breakout interface/" tstamps="/5C68CE35/"/>
      <tstamp>5CAA11F1</tstamp>
    </comp>
    <comp ref="R2">
      <value>512</value>
      <footprint>Resistor_SMD:R_0805_2012Metric</footprint>
      <libsource lib="msisdr-rescue" part="R" description=""/>
      <sheetpath names="/breakout interface/" tstamps="/5C68CE35/"/>
      <tstamp>5CAA13AD</tstamp>
    </comp>
    <comp ref="R1">
      <value>10K</value>
      <footprint>Resistor_SMD:R_0805_2012Metric</footprint>
      <libsource lib="msisdr-rescue" part="R" description=""/>
      <sheetpath names="/breakout interface/" tstamps="/5C68CE35/"/>
      <tstamp>5CB19DE2</tstamp>
    </comp>
    <comp ref="J2">
      <value>Q_IN</value>
      <footprint>Connector_PinHeader_2.54mm:PinHeader_1x03_P2.54mm_Vertical</footprint>
      <libsource lib="msisdr-rescue" part="Conn_01x03" description=""/>
      <sheetpath names="/breakout interface/" tstamps="/5C68CE35/"/>
      <tstamp>5E48E115</tstamp>
    </comp>
    <comp ref="J3">
      <value>I_IN</value>
      <footprint>Connector_PinHeader_2.54mm:PinHeader_1x03_P2.54mm_Vertical</footprint>
      <libsource lib="msisdr-rescue" part="Conn_01x03" description=""/>
      <sheetpath names="/breakout interface/" tstamps="/5C68CE35/"/>
      <tstamp>5E48E55B</tstamp>
    </comp>
    <comp ref="J5">
      <value>EXT_VBUS</value>
      <footprint>Connector_PinHeader_2.54mm:PinHeader_1x02_P2.54mm_Vertical</footprint>
      <datasheet>~</datasheet>
      <libsource lib="msisdr-rescue" part="Conn_01x02_Male-Connector" description=""/>
      <sheetpath names="/breakout interface/" tstamps="/5C68CE35/"/>
      <tstamp>5E4945BC</tstamp>
    </comp>
    <comp ref="C1">
      <value>10nF</value>
      <footprint>Capacitor_SMD:C_0805_2012Metric_Pad1.15x1.40mm_HandSolder</footprint>
      <libsource lib="msisdr-rescue" part="C" description=""/>
      <sheetpath names="/breakout interface/" tstamps="/5C68CE35/"/>
      <tstamp>5E498F76</tstamp>
    </comp>
    <comp ref="C2">
      <value>10nF</value>
      <footprint>Capacitor_SMD:C_0805_2012Metric_Pad1.15x1.40mm_HandSolder</footprint>
      <libsource lib="msisdr-rescue" part="C" description=""/>
      <sheetpath names="/breakout interface/" tstamps="/5C68CE35/"/>
      <tstamp>5E4993E6</tstamp>
    </comp>
    <comp ref="C3">
      <value>10nF</value>
      <footprint>Capacitor_SMD:C_0805_2012Metric_Pad1.15x1.40mm_HandSolder</footprint>
      <libsource lib="msisdr-rescue" part="C" description=""/>
      <sheetpath names="/breakout interface/" tstamps="/5C68CE35/"/>
      <tstamp>5E499683</tstamp>
    </comp>
    <comp ref="C4">
      <value>10nF</value>
      <footprint>Capacitor_SMD:C_0805_2012Metric_Pad1.15x1.40mm_HandSolder</footprint>
      <libsource lib="msisdr-rescue" part="C" description=""/>
      <sheetpath names="/breakout interface/" tstamps="/5C68CE35/"/>
      <tstamp>5E4998D3</tstamp>
    </comp>
    <comp ref="J6">
      <value>Q_OUT</value>
      <footprint>Connector_PinHeader_2.54mm:PinHeader_1x03_P2.54mm_Vertical</footprint>
      <libsource lib="msisdr-rescue" part="Conn_01x03" description=""/>
      <sheetpath names="/breakout interface/" tstamps="/5C68CE35/"/>
      <tstamp>5E49CFCF</tstamp>
    </comp>
    <comp ref="J7">
      <value>I_OUT</value>
      <footprint>Connector_PinHeader_2.54mm:PinHeader_1x03_P2.54mm_Vertical</footprint>
      <libsource lib="msisdr-rescue" part="Conn_01x03" description=""/>
      <sheetpath names="/breakout interface/" tstamps="/5C68CE35/"/>
      <tstamp>5E49DD68</tstamp>
    </comp>
    <comp ref="J4">
      <value>EXT_CLK</value>
      <footprint>Connector_PinHeader_2.54mm:PinHeader_1x02_P2.54mm_Vertical</footprint>
      <datasheet>~</datasheet>
      <libsource lib="msisdr-rescue" part="Conn_01x02_Male-Connector" description=""/>
      <sheetpath names="/breakout interface/" tstamps="/5C68CE35/"/>
      <tstamp>5E491982</tstamp>
    </comp>
    <comp ref="J8">
      <value>Q_OUT</value>
      <footprint>Connector_PinHeader_2.54mm:PinHeader_1x02_P2.54mm_Vertical</footprint>
      <datasheet>~</datasheet>
      <libsource lib="msisdr-rescue" part="Conn_01x02_Male-Connector" description=""/>
      <sheetpath names="/breakout interface/" tstamps="/5C68CE35/"/>
      <tstamp>5E4CABC6</tstamp>
    </comp>
    <comp ref="J9">
      <value>I_OUT</value>
      <footprint>Connector_PinHeader_2.54mm:PinHeader_1x02_P2.54mm_Vertical</footprint>
      <datasheet>~</datasheet>
      <libsource lib="msisdr-rescue" part="Conn_01x02_Male-Connector" description=""/>
      <sheetpath names="/breakout interface/" tstamps="/5C68CE35/"/>
      <tstamp>5E4CB365</tstamp>
    </comp>
    <comp ref="R4">
      <value>510</value>
      <footprint>Resistor_SMD:R_0805_2012Metric_Pad1.15x1.40mm_HandSolder</footprint>
      <libsource lib="msisdr-rescue" part="R" description=""/>
      <sheetpath names="/breakout interface/" tstamps="/5C68CE35/"/>
      <tstamp>5E4FE22F</tstamp>
    </comp>
    <comp ref="R6">
      <value>510</value>
      <footprint>Resistor_SMD:R_0805_2012Metric_Pad1.15x1.40mm_HandSolder</footprint>
      <libsource lib="msisdr-rescue" part="R" description=""/>
      <sheetpath names="/breakout interface/" tstamps="/5C68CE35/"/>
      <tstamp>5E5092A0</tstamp>
    </comp>
    <comp ref="R5">
      <value>510</value>
      <footprint>Resistor_SMD:R_0805_2012Metric_Pad1.15x1.40mm_HandSolder</footprint>
      <libsource lib="msisdr-rescue" part="R" description=""/>
      <sheetpath names="/breakout interface/" tstamps="/5C68CE35/"/>
      <tstamp>5E5095DD</tstamp>
    </comp>
    <comp ref="R7">
      <value>510</value>
      <footprint>Resistor_SMD:R_0805_2012Metric_Pad1.15x1.40mm_HandSolder</footprint>
      <libsource lib="msisdr-rescue" part="R" description=""/>
      <sheetpath names="/breakout interface/" tstamps="/5C68CE35/"/>
      <tstamp>5E509A50</tstamp>
    </comp>
    <comp ref="J1">
      <value>MCU</value>
      <footprint>Connector_PinHeader_2.54mm:PinHeader_1x04_P2.54mm_Vertical</footprint>
      <datasheet>~</datasheet>
      <libsource lib="msisdr-rescue" part="Conn_01x04_Male-Connector" description=""/>
      <sheetpath names="/breakout interface/" tstamps="/5C68CE35/"/>
      <tstamp>5E528D24</tstamp>
    </comp>
    <comp ref="C5">
      <value>10nF</value>
      <footprint>Capacitor_SMD:C_0805_2012Metric</footprint>
      <libsource lib="msisdr-rescue" part="C" description=""/>
      <sheetpath names="/msi001/" tstamps="/5C68CE4D/"/>
      <tstamp>5C68EE14</tstamp>
    </comp>
    <comp ref="C10">
      <value>100nF</value>
      <footprint>Capacitor_SMD:C_0805_2012Metric</footprint>
      <libsource lib="msisdr-rescue" part="C" description=""/>
      <sheetpath names="/msi001/" tstamps="/5C68CE4D/"/>
      <tstamp>5C68EF3E</tstamp>
    </comp>
    <comp ref="C11">
      <value>100nF</value>
      <footprint>Capacitor_SMD:C_0805_2012Metric</footprint>
      <libsource lib="msisdr-rescue" part="C" description=""/>
      <sheetpath names="/msi001/" tstamps="/5C68CE4D/"/>
      <tstamp>5C68F105</tstamp>
    </comp>
    <comp ref="C12">
      <value>1uF</value>
      <footprint>Capacitor_SMD:C_0805_2012Metric</footprint>
      <libsource lib="msisdr-rescue" part="C" description=""/>
      <sheetpath names="/msi001/" tstamps="/5C68CE4D/"/>
      <tstamp>5C68F257</tstamp>
    </comp>
    <comp ref="C14">
      <value>10nF</value>
      <footprint>Capacitor_SMD:C_0805_2012Metric</footprint>
      <libsource lib="msisdr-rescue" part="C" description=""/>
      <sheetpath names="/msi001/" tstamps="/5C68CE4D/"/>
      <tstamp>5C68F539</tstamp>
    </comp>
    <comp ref="C15">
      <value>10nF</value>
      <footprint>Capacitor_SMD:C_0805_2012Metric</footprint>
      <libsource lib="msisdr-rescue" part="C" description=""/>
      <sheetpath names="/msi001/" tstamps="/5C68CE4D/"/>
      <tstamp>5C68F624</tstamp>
    </comp>
    <comp ref="C18">
      <value>10nF</value>
      <footprint>Capacitor_SMD:C_0805_2012Metric</footprint>
      <libsource lib="msisdr-rescue" part="C" description=""/>
      <sheetpath names="/msi001/" tstamps="/5C68CE4D/"/>
      <tstamp>5C68F762</tstamp>
    </comp>
    <comp ref="C16">
      <value>6800pF</value>
      <footprint>Capacitor_SMD:C_0805_2012Metric</footprint>
      <libsource lib="msisdr-rescue" part="C" description=""/>
      <sheetpath names="/msi001/" tstamps="/5C68CE4D/"/>
      <tstamp>5C68F87D</tstamp>
    </comp>
    <comp ref="C17">
      <value>33nF</value>
      <footprint>Capacitor_SMD:C_0805_2012Metric</footprint>
      <libsource lib="msisdr-rescue" part="C" description=""/>
      <sheetpath names="/msi001/" tstamps="/5C68CE4D/"/>
      <tstamp>5C68F90A</tstamp>
    </comp>
    <comp ref="C20">
      <value>10nF</value>
      <footprint>Capacitor_SMD:C_0805_2012Metric</footprint>
      <libsource lib="msisdr-rescue" part="C" description=""/>
      <sheetpath names="/msi001/" tstamps="/5C68CE4D/"/>
      <tstamp>5C68F91C</tstamp>
    </comp>
    <comp ref="R3">
      <value>390R</value>
      <footprint>Resistor_SMD:R_0805_2012Metric</footprint>
      <libsource lib="msisdr-rescue" part="R" description=""/>
      <sheetpath names="/msi001/" tstamps="/5C68CE4D/"/>
      <tstamp>5C68F969</tstamp>
    </comp>
    <comp ref="C19">
      <value>10nF</value>
      <footprint>Capacitor_SMD:C_0805_2012Metric</footprint>
      <libsource lib="msisdr-rescue" part="C" description=""/>
      <sheetpath names="/msi001/" tstamps="/5C68CE4D/"/>
      <tstamp>5C690295</tstamp>
    </comp>
    <comp ref="C13">
      <value>10nF</value>
      <footprint>Capacitor_SMD:C_0805_2012Metric</footprint>
      <libsource lib="msisdr-rescue" part="C" description=""/>
      <sheetpath names="/msi001/" tstamps="/5C68CE4D/"/>
      <tstamp>5C690DC1</tstamp>
    </comp>
    <comp ref="C6">
      <value>10nF</value>
      <footprint>Capacitor_SMD:C_0805_2012Metric</footprint>
      <libsource lib="msisdr-rescue" part="C" description=""/>
      <sheetpath names="/msi001/" tstamps="/5C68CE4D/"/>
      <tstamp>5C6913BC</tstamp>
    </comp>
    <comp ref="C7">
      <value>10nF</value>
      <footprint>Capacitor_SMD:C_0805_2012Metric</footprint>
      <libsource lib="msisdr-rescue" part="C" description=""/>
      <sheetpath names="/msi001/" tstamps="/5C68CE4D/"/>
      <tstamp>5C691525</tstamp>
    </comp>
    <comp ref="C8">
      <value>10nF</value>
      <footprint>Capacitor_SMD:C_0805_2012Metric</footprint>
      <libsource lib="msisdr-rescue" part="C" description=""/>
      <sheetpath names="/msi001/" tstamps="/5C68CE4D/"/>
      <tstamp>5C691814</tstamp>
    </comp>
    <comp ref="C9">
      <value>10nF</value>
      <footprint>Capacitor_SMD:C_0805_2012Metric</footprint>
      <libsource lib="msisdr-rescue" part="C" description=""/>
      <sheetpath names="/msi001/" tstamps="/5C68CE4D/"/>
      <tstamp>5C6919A5</tstamp>
    </comp>
    <comp ref="U1">
      <value>msi001</value>
      <footprint>Housings_DFN_QFN:QFN-40-1EP_6x6mm_Pitch0.5mm</footprint>
      <libsource lib="msisdr-rescue" part="msi001" description=""/>
      <sheetpath names="/msi001/" tstamps="/5C68CE4D/"/>
      <tstamp>5C698FED</tstamp>
    </comp>
    <comp ref="L3">
      <value>330nH</value>
      <footprint>Inductor_SMD:L_0805_2012Metric</footprint>
      <libsource lib="msisdr-rescue" part="L" description=""/>
      <sheetpath names="/rf_parts/" tstamps="/5C68CE5E/"/>
      <tstamp>5C694291</tstamp>
    </comp>
    <comp ref="C21">
      <value>470nF</value>
      <footprint>Capacitor_SMD:C_0805_2012Metric</footprint>
      <libsource lib="msisdr-rescue" part="C" description=""/>
      <sheetpath names="/rf_parts/" tstamps="/5C68CE5E/"/>
      <tstamp>5C6942E9</tstamp>
    </comp>
    <comp ref="C23">
      <value>56pF</value>
      <footprint>Capacitor_SMD:C_0805_2012Metric</footprint>
      <libsource lib="msisdr-rescue" part="C" description=""/>
      <sheetpath names="/rf_parts/" tstamps="/5C68CE5E/"/>
      <tstamp>5C694335</tstamp>
    </comp>
    <comp ref="L1">
      <value>220nH</value>
      <footprint>Inductor_SMD:L_0805_2012Metric</footprint>
      <libsource lib="msisdr-rescue" part="L" description=""/>
      <sheetpath names="/rf_parts/" tstamps="/5C68CE5E/"/>
      <tstamp>5C694EF0</tstamp>
    </comp>
    <comp ref="C24">
      <value>3.9pF</value>
      <footprint>Capacitor_SMD:C_0805_2012Metric</footprint>
      <libsource lib="msisdr-rescue" part="C" description=""/>
      <sheetpath names="/rf_parts/" tstamps="/5C68CE5E/"/>
      <tstamp>5C694F53</tstamp>
    </comp>
    <comp ref="L2">
      <value>330nH</value>
      <footprint>Inductor_SMD:L_0805_2012Metric</footprint>
      <libsource lib="msisdr-rescue" part="L" description=""/>
      <sheetpath names="/rf_parts/" tstamps="/5C68CE5E/"/>
      <tstamp>5C694FBF</tstamp>
    </comp>
    <comp ref="C26">
      <value>39pF</value>
      <footprint>Capacitor_SMD:C_0805_2012Metric</footprint>
      <libsource lib="msisdr-rescue" part="C" description=""/>
      <sheetpath names="/rf_parts/" tstamps="/5C68CE5E/"/>
      <tstamp>5C69501A</tstamp>
    </comp>
    <comp ref="C22">
      <value>1nF</value>
      <footprint>Capacitor_SMD:C_0805_2012Metric</footprint>
      <libsource lib="msisdr-rescue" part="C" description=""/>
      <sheetpath names="/rf_parts/" tstamps="/5C68CE5E/"/>
      <tstamp>5C694529</tstamp>
    </comp>
    <comp ref="L4">
      <value>270nH</value>
      <footprint>Inductor_SMD:L_0805_2012Metric</footprint>
      <libsource lib="msisdr-rescue" part="L" description=""/>
      <sheetpath names="/rf_parts/" tstamps="/5C68CE5E/"/>
      <tstamp>5C6947E7</tstamp>
    </comp>
    <comp ref="L5">
      <value>150nH</value>
      <footprint>Inductor_SMD:L_0805_2012Metric</footprint>
      <libsource lib="msisdr-rescue" part="L" description=""/>
      <sheetpath names="/rf_parts/" tstamps="/5C68CE5E/"/>
      <tstamp>5C694859</tstamp>
    </comp>
    <comp ref="L6">
      <value>330nH</value>
      <footprint>Inductor_SMD:L_0805_2012Metric</footprint>
      <libsource lib="msisdr-rescue" part="L" description=""/>
      <sheetpath names="/rf_parts/" tstamps="/5C68CE5E/"/>
      <tstamp>5C69485F</tstamp>
    </comp>
    <comp ref="C25">
      <value>160pF</value>
      <footprint>Capacitor_SMD:C_0805_2012Metric</footprint>
      <libsource lib="msisdr-rescue" part="C" description=""/>
      <sheetpath names="/rf_parts/" tstamps="/5C68CE5E/"/>
      <tstamp>5C694ABC</tstamp>
    </comp>
    <comp ref="C27">
      <value>160pF</value>
      <footprint>Capacitor_SMD:C_0805_2012Metric</footprint>
      <libsource lib="msisdr-rescue" part="C" description=""/>
      <sheetpath names="/rf_parts/" tstamps="/5C68CE5E/"/>
      <tstamp>5C694B0D</tstamp>
    </comp>
    <comp ref="C28">
      <value>56pF</value>
      <footprint>Capacitor_SMD:C_0805_2012Metric</footprint>
      <libsource lib="msisdr-rescue" part="C" description=""/>
      <sheetpath names="/rf_parts/" tstamps="/5C68CE5E/"/>
      <tstamp>5C694B60</tstamp>
    </comp>
    <comp ref="J10">
      <value>SMA_0_30MHZ</value>
      <footprint>sma:SMA_OPL_EM</footprint>
      <libsource lib="msisdr-rescue" part="Conn_01x03" description=""/>
      <sheetpath names="/rf_parts/" tstamps="/5C68CE5E/"/>
      <tstamp>5C696A99</tstamp>
    </comp>
    <comp ref="J11">
      <value>SMA_30_60MHZ</value>
      <footprint>sma:SMA_OPL_EM</footprint>
      <libsource lib="msisdr-rescue" part="Conn_01x03" description=""/>
      <sheetpath names="/rf_parts/" tstamps="/5C68CE5E/"/>
      <tstamp>5C696D80</tstamp>
    </comp>
    <comp ref="J12">
      <value>SMA_VHF2</value>
      <footprint>sma:SMA_OPL_EMPTYHEAD</footprint>
      <libsource lib="msisdr-rescue" part="Conn_01x03" description=""/>
      <sheetpath names="/rf_parts/" tstamps="/5C68CE5E/"/>
      <tstamp>5C69724D</tstamp>
    </comp>
    <comp ref="J13">
      <value>SMA_UHF</value>
      <footprint>sma:SMA_OPL_EMPTYHEAD</footprint>
      <libsource lib="msisdr-rescue" part="Conn_01x03" description=""/>
      <sheetpath names="/rf_parts/" tstamps="/5C68CE5E/"/>
      <tstamp>5C6972AA</tstamp>
    </comp>
    <comp ref="J14">
      <value>SMA_VHF1</value>
      <footprint>sma:SMA_OPL_EMPTYHEAD</footprint>
      <libsource lib="msisdr-rescue" part="Conn_01x03" description=""/>
      <sheetpath names="/rf_parts/" tstamps="/5C68CE5E/"/>
      <tstamp>5C697362</tstamp>
    </comp>
    <comp ref="C29">
      <value>1uF</value>
      <footprint>Capacitor_SMD:C_0805_2012Metric</footprint>
      <libsource lib="msisdr-rescue" part="C" description=""/>
      <sheetpath names="/power&amp;interface/" tstamps="/5C68CE79/"/>
      <tstamp>5C691852</tstamp>
    </comp>
    <comp ref="C31">
      <value>10uF</value>
      <footprint>Capacitors_SMD:C_0805</footprint>
      <libsource lib="msisdr-rescue" part="C" description=""/>
      <sheetpath names="/power&amp;interface/" tstamps="/5C68CE79/"/>
      <tstamp>5C6918BB</tstamp>
    </comp>
    <comp ref="C30">
      <value>10nF</value>
      <footprint>Capacitors_SMD:C_0805</footprint>
      <libsource lib="msisdr-rescue" part="C" description=""/>
      <sheetpath names="/power&amp;interface/" tstamps="/5C68CE79/"/>
      <tstamp>5C69264E</tstamp>
    </comp>
    <comp ref="J15">
      <value>USB_OTG</value>
      <footprint>Connectors:USB_Mini-B</footprint>
      <libsource lib="msisdr-rescue" part="USB_OTG" description=""/>
      <sheetpath names="/power&amp;interface/" tstamps="/5C68CE79/"/>
      <tstamp>5C695F80</tstamp>
    </comp>
    <comp ref="U2">
      <value>LD3985M33R_SOT23</value>
      <footprint>Package_TO_SOT_SMD:SOT-23-5</footprint>
      <datasheet>http://www.st.com/internet/com/TECHNICAL_RESOURCES/TECHNICAL_LITERATURE/DATASHEET/CD00003395.pdf</datasheet>
      <libsource lib="msisdr-rescue" part="LD3985M33R_SOT23-Regulator_Linear" description=""/>
      <sheetpath names="/power&amp;interface/" tstamps="/5C68CE79/"/>
      <tstamp>5E4611F2</tstamp>
    </comp>
  </components>
  <libparts>
    <libpart lib="msisdr-rescue" part="C">
      <footprints>
        <fp>C_*</fp>
      </footprints>
      <fields>
        <field name="Reference">C</field>
        <field name="Value">C</field>
      </fields>
      <pins>
        <pin num="1" name="~" type="passive"/>
        <pin num="2" name="~" type="passive"/>
      </pins>
    </libpart>
    <libpart lib="msisdr-rescue" part="Conn_01x02_Male-Connector">
      <footprints>
        <fp>Connector*:*_1x??_*</fp>
      </footprints>
      <fields>
        <field name="Reference">J</field>
        <field name="Value">Conn_01x02_Male-Connector</field>
      </fields>
      <pins>
        <pin num="1" name="Pin_1" type="passive"/>
        <pin num="2" name="Pin_2" type="passive"/>
      </pins>
    </libpart>
    <libpart lib="msisdr-rescue" part="Conn_01x03">
      <footprints>
        <fp>Connector*:*_??x*mm*</fp>
        <fp>Connector*:*1x??x*mm*</fp>
        <fp>Pin?Header?Straight?1X*</fp>
        <fp>Pin?Header?Angled?1X*</fp>
        <fp>Socket?Strip?Straight?1X*</fp>
        <fp>Socket?Strip?Angled?1X*</fp>
      </footprints>
      <fields>
        <field name="Reference">J</field>
        <field name="Value">Conn_01x03</field>
      </fields>
      <pins>
        <pin num="1" name="Pin_1" type="passive"/>
        <pin num="2" name="Pin_2" type="passive"/>
        <pin num="3" name="Pin_3" type="passive"/>
      </pins>
    </libpart>
    <libpart lib="msisdr-rescue" part="Conn_01x04_Male-Connector">
      <footprints>
        <fp>Connector*:*_1x??_*</fp>
      </footprints>
      <fields>
        <field name="Reference">J</field>
        <field name="Value">Conn_01x04_Male-Connector</field>
      </fields>
      <pins>
        <pin num="1" name="Pin_1" type="passive"/>
        <pin num="2" name="Pin_2" type="passive"/>
        <pin num="3" name="Pin_3" type="passive"/>
        <pin num="4" name="Pin_4" type="passive"/>
      </pins>
    </libpart>
    <libpart lib="msisdr-rescue" part="Crystal_GND24">
      <footprints>
        <fp>Crystal*</fp>
      </footprints>
      <fields>
        <field name="Reference">Y</field>
        <field name="Value">Crystal_GND24</field>
      </fields>
      <pins>
        <pin num="1" name="1" type="passive"/>
        <pin num="2" name="2" type="passive"/>
        <pin num="3" name="3" type="passive"/>
        <pin num="4" name="4" type="passive"/>
      </pins>
    </libpart>
    <libpart lib="msisdr-rescue" part="L">
      <footprints>
        <fp>Choke_*</fp>
        <fp>*Coil*</fp>
        <fp>Inductor_*</fp>
        <fp>L_*</fp>
      </footprints>
      <fields>
        <field name="Reference">L</field>
        <field name="Value">L</field>
      </fields>
      <pins>
        <pin num="1" name="1" type="passive"/>
        <pin num="2" name="2" type="passive"/>
      </pins>
    </libpart>
    <libpart lib="msisdr-rescue" part="LD3985M33R_SOT23-Regulator_Linear">
      <footprints>
        <fp>SOT?23*</fp>
      </footprints>
      <fields>
        <field name="Reference">U</field>
        <field name="Value">LD3985M33R_SOT23-Regulator_Linear</field>
        <field name="Footprint">Package_TO_SOT_SMD:SOT-23-5</field>
      </fields>
      <pins>
        <pin num="1" name="VIN" type="power_in"/>
        <pin num="2" name="GND" type="power_in"/>
        <pin num="3" name="INH" type="input"/>
        <pin num="4" name="BYP" type="input"/>
        <pin num="5" name="VOUT" type="power_out"/>
      </pins>
    </libpart>
    <libpart lib="msisdr-rescue" part="LED">
      <footprints>
        <fp>LED*</fp>
      </footprints>
      <fields>
        <field name="Reference">D</field>
        <field name="Value">LED</field>
      </fields>
      <pins>
        <pin num="1" name="K" type="passive"/>
        <pin num="2" name="A" type="passive"/>
      </pins>
    </libpart>
    <libpart lib="msisdr-rescue" part="R">
      <footprints>
        <fp>R_*</fp>
        <fp>R_*</fp>
      </footprints>
      <fields>
        <field name="Reference">R</field>
        <field name="Value">R</field>
      </fields>
      <pins>
        <pin num="1" name="~" type="passive"/>
        <pin num="2" name="~" type="passive"/>
      </pins>
    </libpart>
    <libpart lib="msisdr-rescue" part="USB_OTG">
      <footprints>
        <fp>USB*</fp>
      </footprints>
      <fields>
        <field name="Reference">J</field>
        <field name="Value">USB_OTG</field>
      </fields>
      <pins>
        <pin num="1" name="VBUS" type="power_in"/>
        <pin num="2" name="D-" type="passive"/>
        <pin num="3" name="D+" type="passive"/>
        <pin num="4" name="ID" type="passive"/>
        <pin num="5" name="GND" type="power_in"/>
        <pin num="6" name="Shield" type="passive"/>
      </pins>
    </libpart>
    <libpart lib="msisdr-rescue" part="msi001">
      <fields>
        <field name="Reference">U</field>
        <field name="Value">msi001</field>
      </fields>
      <pins>
        <pin num="1" name="VCC1" type="input"/>
        <pin num="2" name="VCC2" type="input"/>
        <pin num="3" name="IN" type="input"/>
        <pin num="4" name="INB" type="input"/>
        <pin num="5" name="NC" type="input"/>
        <pin num="6" name="IN" type="input"/>
        <pin num="7" name="INB" type="input"/>
        <pin num="8" name="VCC3" type="input"/>
        <pin num="9" name="INB" type="input"/>
        <pin num="10" name="IN" type="input"/>
        <pin num="11" name="OPI" type="input"/>
        <pin num="12" name="OPIB" type="input"/>
        <pin num="13" name="NC" type="input"/>
        <pin num="14" name="VCC5" type="input"/>
        <pin num="15" name="VCC6" type="input"/>
        <pin num="16" name="OSC-OP" type="input"/>
        <pin num="17" name="DC-FB" type="input"/>
        <pin num="18" name="VCC7" type="input"/>
        <pin num="19" name="VCC8" type="input"/>
        <pin num="20" name="REF-CLK" type="input"/>
        <pin num="21" name="OPQB" type="input"/>
        <pin num="22" name="OPQ" type="input"/>
        <pin num="23" name="VCC9" type="input"/>
        <pin num="24" name="IN" type="input"/>
        <pin num="25" name="INB" type="input"/>
        <pin num="26" name="LFILT-PC" type="input"/>
        <pin num="27" name="CP-OUT" type="input"/>
        <pin num="28" name="VCO-VCC" type="input"/>
        <pin num="29" name="VCC10" type="input"/>
        <pin num="30" name="VCC11" type="input"/>
        <pin num="31" name="VDDI" type="input"/>
        <pin num="32" name="VDD" type="input"/>
        <pin num="33" name="EN" type="input"/>
        <pin num="34" name="CLK" type="input"/>
        <pin num="35" name="DATA" type="input"/>
        <pin num="36" name="VCC12" type="input"/>
        <pin num="37" name="INB" type="input"/>
        <pin num="38" name="IN" type="input"/>
        <pin num="39" name="INB" type="input"/>
        <pin num="40" name="IN" type="input"/>
        <pin num="41" name="GND" type="input"/>
      </pins>
    </libpart>
  </libparts>
  <libraries>
    <library logical="msisdr-rescue">
      <uri>D:\kicad\pcb\msiSDR_breakout/msisdr-rescue.lib</uri>
    </library>
  </libraries>
  <nets>
    <net code="1" name="GND">
      <node ref="C12" pin="1"/>
      <node ref="C5" pin="1"/>
      <node ref="C10" pin="1"/>
      <node ref="C15" pin="1"/>
      <node ref="C18" pin="1"/>
      <node ref="J10" pin="2"/>
      <node ref="J11" pin="3"/>
      <node ref="J11" pin="2"/>
      <node ref="J10" pin="3"/>
      <node ref="C20" pin="2"/>
      <node ref="C19" pin="1"/>
      <node ref="C7" pin="1"/>
      <node ref="C8" pin="1"/>
      <node ref="C1" pin="2"/>
      <node ref="C2" pin="2"/>
      <node ref="J5" pin="1"/>
      <node ref="J3" pin="2"/>
      <node ref="J2" pin="2"/>
      <node ref="C3" pin="2"/>
      <node ref="C14" pin="1"/>
      <node ref="U1" pin="41"/>
      <node ref="C6" pin="1"/>
      <node ref="J12" pin="2"/>
      <node ref="C13" pin="1"/>
      <node ref="C9" pin="1"/>
      <node ref="C27" pin="1"/>
      <node ref="C25" pin="1"/>
      <node ref="C28" pin="1"/>
      <node ref="J15" pin="5"/>
      <node ref="C30" pin="2"/>
      <node ref="C31" pin="2"/>
      <node ref="C29" pin="2"/>
      <node ref="U2" pin="2"/>
      <node ref="J12" pin="3"/>
      <node ref="J13" pin="2"/>
      <node ref="C23" pin="1"/>
      <node ref="J8" pin="1"/>
      <node ref="J14" pin="3"/>
      <node ref="J14" pin="2"/>
      <node ref="J13" pin="3"/>
      <node ref="D1" pin="1"/>
      <node ref="J7" pin="3"/>
      <node ref="C4" pin="2"/>
      <node ref="J1" pin="1"/>
      <node ref="J4" pin="1"/>
      <node ref="Y1" pin="2"/>
      <node ref="J9" pin="1"/>
      <node ref="J7" pin="2"/>
      <node ref="J6" pin="3"/>
      <node ref="J6" pin="2"/>
    </net>
    <net code="2" name="REFCLK">
      <node ref="J4" pin="2"/>
      <node ref="Y1" pin="3"/>
      <node ref="U1" pin="20"/>
    </net>
    <net code="3" name="Net-(C1-Pad1)">
      <node ref="R4" pin="1"/>
      <node ref="J2" pin="1"/>
      <node ref="C1" pin="1"/>
    </net>
    <net code="4" name="Net-(C2-Pad1)">
      <node ref="J2" pin="3"/>
      <node ref="R6" pin="1"/>
      <node ref="C2" pin="1"/>
    </net>
    <net code="5" name="Net-(C3-Pad1)">
      <node ref="J3" pin="1"/>
      <node ref="R5" pin="1"/>
      <node ref="C3" pin="1"/>
    </net>
    <net code="6" name="Net-(C4-Pad1)">
      <node ref="R7" pin="1"/>
      <node ref="C4" pin="1"/>
      <node ref="J3" pin="3"/>
    </net>
    <net code="7" name="I_IN_N">
      <node ref="U1" pin="12"/>
      <node ref="R5" pin="2"/>
    </net>
    <net code="8" name="I_IN_P">
      <node ref="U1" pin="11"/>
      <node ref="R7" pin="2"/>
    </net>
    <net code="9" name="Q_OUT">
      <node ref="J8" pin="2"/>
      <node ref="J6" pin="1"/>
    </net>
    <net code="10" name="I_OUT">
      <node ref="J9" pin="2"/>
      <node ref="J7" pin="1"/>
    </net>
    <net code="11" name="VBUS">
      <node ref="C29" pin="1"/>
      <node ref="J15" pin="1"/>
      <node ref="U2" pin="3"/>
      <node ref="U2" pin="1"/>
      <node ref="J5" pin="2"/>
    </net>
    <net code="12" name="Q_IN_N">
      <node ref="R4" pin="2"/>
      <node ref="U1" pin="21"/>
    </net>
    <net code="13" name="Q_IN_P">
      <node ref="R6" pin="2"/>
      <node ref="U1" pin="22"/>
    </net>
    <net code="14" name="SPI_DATA">
      <node ref="U1" pin="35"/>
      <node ref="J1" pin="2"/>
    </net>
    <net code="15" name="Net-(D1-Pad2)">
      <node ref="R2" pin="2"/>
      <node ref="D1" pin="2"/>
    </net>
    <net code="16" name="3.3V">
      <node ref="U1" pin="2"/>
      <node ref="U1" pin="19"/>
      <node ref="R2" pin="1"/>
      <node ref="U1" pin="8"/>
      <node ref="C13" pin="2"/>
      <node ref="U1" pin="23"/>
      <node ref="U1" pin="14"/>
      <node ref="C6" pin="2"/>
      <node ref="C5" pin="2"/>
      <node ref="C15" pin="2"/>
      <node ref="C18" pin="2"/>
      <node ref="U1" pin="1"/>
      <node ref="C31" pin="1"/>
      <node ref="C14" pin="2"/>
      <node ref="Y1" pin="4"/>
      <node ref="U1" pin="36"/>
      <node ref="U1" pin="32"/>
      <node ref="U1" pin="31"/>
      <node ref="U1" pin="30"/>
      <node ref="U1" pin="29"/>
      <node ref="U2" pin="5"/>
      <node ref="C12" pin="2"/>
      <node ref="U1" pin="15"/>
      <node ref="U1" pin="18"/>
      <node ref="R1" pin="1"/>
      <node ref="C19" pin="2"/>
    </net>
    <net code="17" name="Net-(R1-Pad2)">
      <node ref="R1" pin="2"/>
      <node ref="Y1" pin="1"/>
    </net>
    <net code="18" name="SPI_CLK">
      <node ref="U1" pin="34"/>
      <node ref="J1" pin="3"/>
    </net>
    <net code="19" name="SPI_LAT">
      <node ref="J1" pin="4"/>
      <node ref="U1" pin="33"/>
    </net>
    <net code="20" name="Net-(C8-Pad2)">
      <node ref="U1" pin="4"/>
      <node ref="C8" pin="2"/>
    </net>
    <net code="21" name="Net-(C7-Pad2)">
      <node ref="U1" pin="9"/>
      <node ref="C7" pin="2"/>
    </net>
    <net code="22" name="VHF_120_250MHZ">
      <node ref="U1" pin="3"/>
      <node ref="J12" pin="1"/>
    </net>
    <net code="23" name="LBAND-INB">
      <node ref="U1" pin="25"/>
    </net>
    <net code="24" name="VHF_50_120MHZ">
      <node ref="J14" pin="1"/>
      <node ref="U1" pin="10"/>
    </net>
    <net code="25" name="Net-(U1-Pad5)">
      <node ref="U1" pin="5"/>
    </net>
    <net code="26" name="Net-(C9-Pad2)">
      <node ref="C9" pin="2"/>
      <node ref="U1" pin="7"/>
    </net>
    <net code="27" name="Net-(U1-Pad17)">
      <node ref="U1" pin="17"/>
    </net>
    <net code="28" name="Net-(U1-Pad16)">
      <node ref="U1" pin="16"/>
    </net>
    <net code="29" name="Net-(U1-Pad13)">
      <node ref="U1" pin="13"/>
    </net>
    <net code="30" name="Net-(C10-Pad2)">
      <node ref="U1" pin="40"/>
      <node ref="C10" pin="2"/>
    </net>
    <net code="31" name="Net-(U1-Pad38)">
      <node ref="U1" pin="38"/>
    </net>
    <net code="32" name="Net-(U1-Pad37)">
      <node ref="U1" pin="37"/>
    </net>
    <net code="33" name="UHF_400_1000MHZ">
      <node ref="U1" pin="6"/>
      <node ref="J13" pin="1"/>
    </net>
    <net code="34" name="LNAND_IN">
      <node ref="U1" pin="24"/>
    </net>
    <net code="35" name="Net-(C17-Pad1)">
      <node ref="R3" pin="2"/>
      <node ref="C17" pin="1"/>
      <node ref="U1" pin="26"/>
    </net>
    <net code="36" name="HFPORT">
      <node ref="L6" pin="1"/>
      <node ref="C28" pin="2"/>
      <node ref="C11" pin="1"/>
      <node ref="C26" pin="1"/>
    </net>
    <net code="37" name="Net-(C11-Pad2)">
      <node ref="C11" pin="2"/>
      <node ref="U1" pin="39"/>
    </net>
    <net code="38" name="Net-(C16-Pad1)">
      <node ref="U1" pin="28"/>
      <node ref="R3" pin="1"/>
      <node ref="C20" pin="1"/>
      <node ref="C16" pin="1"/>
    </net>
    <net code="39" name="Net-(C16-Pad2)">
      <node ref="U1" pin="27"/>
      <node ref="C17" pin="2"/>
      <node ref="C16" pin="2"/>
    </net>
    <net code="40" name="SMA_0_30MHZ">
      <node ref="C22" pin="1"/>
      <node ref="C21" pin="1"/>
      <node ref="J10" pin="1"/>
    </net>
    <net code="41" name="SMA_30_60MHZ">
      <node ref="J11" pin="1"/>
      <node ref="L1" pin="2"/>
    </net>
    <net code="42" name="Net-(C24-Pad2)">
      <node ref="L1" pin="1"/>
      <node ref="C24" pin="2"/>
      <node ref="L2" pin="2"/>
    </net>
    <net code="43" name="Net-(C24-Pad1)">
      <node ref="C24" pin="1"/>
      <node ref="L2" pin="1"/>
      <node ref="C26" pin="2"/>
    </net>
    <net code="44" name="Net-(C25-Pad2)">
      <node ref="L4" pin="2"/>
      <node ref="L3" pin="1"/>
      <node ref="C25" pin="2"/>
    </net>
    <net code="45" name="Net-(C21-Pad2)">
      <node ref="L3" pin="2"/>
      <node ref="C21" pin="2"/>
      <node ref="C23" pin="2"/>
      <node ref="C22" pin="2"/>
    </net>
    <net code="46" name="Net-(C27-Pad2)">
      <node ref="L5" pin="1"/>
      <node ref="C27" pin="2"/>
      <node ref="L6" pin="2"/>
    </net>
    <net code="47" name="Net-(L4-Pad1)">
      <node ref="L5" pin="2"/>
      <node ref="L4" pin="1"/>
    </net>
    <net code="48" name="Net-(C30-Pad1)">
      <node ref="C30" pin="1"/>
      <node ref="U2" pin="4"/>
    </net>
    <net code="49" name="Net-(J15-Pad3)">
      <node ref="J15" pin="3"/>
    </net>
    <net code="50" name="Net-(J15-Pad2)">
      <node ref="J15" pin="2"/>
    </net>
    <net code="51" name="Net-(J15-Pad4)">
      <node ref="J15" pin="4"/>
    </net>
    <net code="52" name="Net-(J15-Pad6)">
      <node ref="J15" pin="6"/>
    </net>
  </nets>
</export>
